Date,AAPL,MSFT,XYZ,AMZN
2025-09-19,244.59645080566406,513.703369140625,77.02999877929688,231.47999572753906
2025-09-22,255.13751220703125,510.25177001953125,77.41000366210938,227.6300048828125
2025-09-23,253.49359130859375,505.074462890625,76.54000091552734,220.7100067138672
2025-09-24,251.38140869140625,505.9869079589844,76.48999786376953,220.2100067138672
2025-09-25,255.9246063232422,502.8923645019531,73.68000030517578,218.14999389648438
2025-09-26,254.51980590820312,507.28619384765625,73.66999816894531,219.77999877929688
2025-09-29,253.49359130859375,510.4005432128906,75.38999938964844,222.1699981689453
2025-09-30,253.69287109375,513.7232666015625,72.2699966430664,219.57000732421875
2025-10-01,254.50985717773438,515.4689331054688,73.4000015258789,220.6300048828125
2025-10-02,256.18365478515625,511.53131103515625,76.80999755859375,222.41000366210938
2025-10-03,257.07037353515625,513.1281127929688,76.94999694824219,219.50999450683594
2025-10-06,255.7452850341797,524.256591796875,77.77999877929688,220.89999389648438
2025-10-07,255.53607177734375,519.7040405273438,79.0199966430664,221.77999877929688
2025-10-08,257.1102294921875,520.56689453125,81.11000061035156,225.22000122070312
2025-10-09,253.1050262451172,518.136962890625,80.8499984741211,227.74000549316406
2025-10-10,244.3673095703125,506.790283203125,74.66999816894531,216.3699951171875
2025-10-13,246.74851989746094,509.8550720214844,75.0199966430664,220.07000732421875
2025-10-14,246.85812377929688,509.37896728515625,76.18000030517578,216.38999938964844
2025-10-15,248.4223175048828,509.2401123046875,76.12999725341797,215.57000732421875
2025-10-16,246.53929138183594,507.4349670410156,74.54000091552734,214.47000122070312
2025-10-17,251.36146545410156,509.38897705078125,75.19999694824219,213.0399932861328
2025-10-20,261.27484130859375,512.5726928710938,76.5,216.47999572753906
2025-10-21,261.8028869628906,513.4356079101562,77.7300033569336,222.02999877929688
2025-10-22,257.4988098144531,516.2921142578125,75.91999816894531,217.9499969482422
2025-10-23,258.6246032714844,516.3119506835938,78.55999755859375,221.08999633789062
2025-10-24,261.8527526855469,519.3370361328125,79.54000091552734,224.2100067138672
2025-10-27,267.8207092285156,527.1825561523438,80.1500015258789,226.97000122070312
2025-10-28,268.010009765625,537.6464233398438,80.18000030517578,229.25
2025-10-29,268.7074279785156,537.1306762695312,76.51000213623047,230.3000030517578
2025-10-30,270.4011535644531,521.469482421875,73.91999816894531,222.86000061035156
2025-10-31,269.37493896484375,513.5843505859375,75.94000244140625,244.22000122070312
2025-11-03,268.05975341796875,512.8107299804688,74.30000305175781,254.0
2025-11-04,269.0461730957031,510.1328430175781,72.58000183105469,249.32000732421875
2025-11-05,269.14581298828125,503.02130126953125,73.6500015258789,250.1999969482422
2025-11-06,268.7771301269531,493.04339599609375,70.93000030517578,243.0399932861328
2025-11-07,267.48193359375,492.76568603515625,65.44999694824219,244.41000366210938
2025-11-10,268.6986083984375,501.8707275390625,66.80000305175781,248.39999389648438
2025-11-11,274.5028076171875,504.5289001464844,65.91000366210938,249.10000610351562
2025-11-12,272.7276306152344,506.9688415527344,65.7699966430664,244.1999969482422
2025-11-13,272.2090759277344,499.182861328125,62.29999923706055,237.5800018310547
2025-11-14,271.6705017089844,506.01666259765625,60.47999954223633,234.69000244140625
2025-11-17,266.73394775390625,503.34857177734375,58.88999938964844,232.8699951171875
2025-11-18,266.71405029296875,489.76043701171875,57.63999938964844,222.5500030517578
2025-11-19,267.8309631347656,483.14483642578125,62.0,222.69000244140625
2025-11-20,265.5272521972656,475.4139099121094,61.95000076293945,217.13999938964844
2025-11-21,270.75299072265625,469.1436462402344,61.95000076293945,220.69000244140625
2025-11-24,275.1710205078125,471.0118408203125,61.86000061035156,226.27999877929688
2025-11-25,276.2181701660156,473.9829406738281,63.689998626708984,229.6699981689453
2025-11-26,276.79656982421875,482.4393005371094,65.02999877929688,229.16000366210938
2025-11-28,278.0930480957031,488.9082946777344,66.80000305175781,233.22000122070312
2025-12-01,282.3315124511719,483.6714782714844,64.3499984741211,233.8800048828125
2025-12-02,285.4131164550781,486.91094970703125,60.11000061035156,234.4199981689453
2025-12-03,283.378662109375,474.7182922363281,61.11000061035156,232.3800048828125
2025-12-04,279.9380187988281,477.8086853027344,62.189998626708984,229.11000061035156
2025-12-05,278.02325439453125,480.11407470703125,61.11000061035156,229.52999877929688
2025-12-08,277.1356506347656,487.9245300292969,61.040000915527344,226.88999938964844
2025-12-09,276.4275817871094,488.9181823730469,61.56999969482422,227.9199981689453
2025-12-10,278.02325439453125,475.5430603027344,63.290000915527344,231.77999877929688
2025-12-11,277.2752685546875,480.422119140625,63.61000061035156,230.27999877929688
2025-12-12,277.5246276855469,475.51324462890625,64.75,226.19000244140625
2025-12-15,273.3658752441406,471.82666015625,64.0199966430664,222.5399932861328
2025-12-16,273.8645324707031,473.38677978515625,64.55000305175781,222.55999755859375
2025-12-17,271.10205078125,473.1184387207031,63.77000045776367,221.27000427246094
2025-12-18,271.4511413574219,480.92889404296875,64.38999938964844,226.75999450683594
2025-12-19,272.9271240234375,482.8566589355469,65.33000183105469,227.35000610351562
2025-12-22,270.23443603515625,481.8630065917969,65.1500015258789,228.42999267578125
2025-12-23,271.62066650390625,483.78082275390625,64.94000244140625,232.13999938964844
2025-12-24,273.06671142578125,484.94342041015625,66.05000305175781,232.3800048828125
2025-12-26,272.6578063964844,484.6354064941406,66.2699966430664,232.52000427246094
2025-12-29,273.0168762207031,484.02923583984375,65.91999816894531,232.07000732421875
2025-12-30,272.33868408203125,484.4068603515625,65.54000091552734,232.52999877929688
2025-12-31,271.12200927734375,480.5711669921875,65.08999633789062,230.82000732421875
2026-01-02,270.2743225097656,469.95849609375,65.1500015258789,226.5
2026-01-05,266.5345153808594,469.86907958984375,68.44999694824219,233.05999755859375
2026-01-06,261.6477966308594,475.493408203125,70.0,240.92999267578125
2026-01-07,259.623291015625,480.422119140625,71.47000122070312,241.55999755859375
2026-01-08,258.3368225097656,475.09588623046875,70.16000366210938,246.2899932861328
2026-01-09,258.6659240722656,476.2585144042969,69.55000305175781,247.3800048828125
2026-01-12,259.54351806640625,474.1717529296875,70.26000213623047,246.47000122070312
2026-01-13,260.3413391113281,467.70281982421875,67.26000213623047,242.60000610351562
2026-01-14,259.25433349609375,456.4840087890625,65.61000061035156,236.64999389648438
2026-01-15,257.5090637207031,453.7811584472656,64.91999816894531,238.17999267578125
2026-01-16,254.8363494873047,456.9609680175781,65.94999694824219,239.1199951171875
2026-01-20,246.0303192138672,451.65460205078125,62.630001068115234,231.0
2026-01-21,246.97775268554688,441.3102111816406,64.0,231.30999755859375
2026-01-22,247.67584228515625,448.2959289550781,65.05000305175781,234.33999633789062
2026-01-23,247.36668395996094,463.0125732421875,66.83000183105469,239.16000366210938
2026-01-26,254.7166748046875,467.31524658203125,65.9000015258789,238.4199981689453
2026-01-27,257.5688781738281,477.55035400390625,64.58999633789062,244.67999267578125
2026-01-28,255.743896484375,478.59368896484375,64.22000122070312,243.00999450683594
2026-01-29,257.5788879394531,430.76715087890625,62.209999084472656,241.72999572753906
2026-01-30,258.775634765625,427.5773620605469,60.43000030517578,239.3000030517578
2026-02-02,269.2770690917969,420.7010192871094,60.400001525878906,242.9600067138672
2026-02-03,268.7485046386719,408.6176452636719,56.790000915527344,238.6199951171875
2026-02-04,275.7394104003906,411.5788879394531,57.43000030517578,232.99000549316406
2026-02-05,275.1610412597656,391.188232421875,53.380001068115234,222.69000244140625
2026-02-06,277.364990234375,398.61114501953125,55.970001220703125,210.32000732421875
2026-02-09,274.13079833984375,410.9925842285156,56.779998779296875,208.72000122070312
2026-02-10,273.19244384765625,410.6646728515625,57.29999923706055,206.9600067138672
2026-02-11,275.00921630859375,401.82073974609375,53.810001373291016,204.0800018310547
2026-02-12,261.2637634277344,399.30670166015625,49.09000015258789,199.60000610351562
2026-02-13,255.32435607910156,398.7900085449219,49.79999923706055,198.7899932861328
2026-02-17,263.4099426269531,394.3581237792969,50.810001373291016,201.14999389648438
2026-02-18,263.8791198730469,397.0808410644531,53.599998474121094,204.7899932861328
2026-02-19,260.11578369140625,396.8517761230469,52.88999938964844,204.86000061035156
2026-02-20,264.1086730957031,395.6267395019531,53.220001220703125,210.11000061035156
2026-02-23,265.705810546875,382.918212890625,50.75,205.27000427246094
2026-02-24,271.6552429199219,387.4299621582031,51.0,208.55999755859375
2026-02-25,273.74151611328125,398.9831237792969,51.939998626708984,210.63999938964844
2026-02-26,272.4637756347656,400.0986022949219,54.529998779296875,207.9199981689453
2026-02-27,263.70941162109375,391.15484619140625,63.70000076293945,210.0
2026-03-02,264.2484130859375,396.9413757324219,64.44999694824219,208.38999938964844
2026-03-03,263.2801818847656,402.2996826171875,62.900001525878906,208.72999572753906
2026-03-04,262.0523376464844,403.5645751953125,65.23999786376953,216.82000732421875
2026-03-05,259.8263244628906,409.0224304199219,67.37999725341797,218.94000244140625
2026-03-06,257.0013427734375,407.30938720703125,66.33000183105469,213.2100067138672
2026-03-09,259.41705322265625,407.757568359375,65.54000091552734,213.49000549316406
2026-03-10,260.3653564453125,404.122314453125,65.5999984741211,214.3300018310547
2026-03-11,260.34539794921875,403.245849609375,64.62999725341797,212.64999389648438
2026-03-12,255.3043975830078,400.238037109375,59.900001525878906,209.52999877929688
2026-03-13,249.6744384765625,393.9534912109375,59.790000915527344,207.6699981689453
2026-03-16,252.36964416503906,398.33575439453125,59.849998474121094,211.74000549316406
2026-03-17,253.77711486816406,397.79791259765625,59.790000915527344,215.1999969482422
2026-03-18,249.49476623535156,390.2087097167969,57.84000015258789,209.8699951171875
2026-03-19,248.5165252685547,387.4498596191406,58.9900016784668,208.75999450683594
2026-03-20,247.54823303222656,380.3287353515625,59.369998931884766,205.3699951171875
2026-03-23,251.04200744628906,381.4541931152344,61.16999816894531,210.13999938964844
2026-03-24,251.1917266845703,371.2355651855469,59.88999938964844,207.24000549316406
2026-03-25,252.16998291015625,369.5424499511719,60.0099983215332,211.7100067138672
2026-03-26,252.43951416015625,364.492919921875,59.369998931884766,207.5399932861328
2026-03-27,248.35679626464844,355.33001708984375,55.97999954223633,199.33999633789062
2026-03-30,246.19065856933594,357.51116943359375,57.029998779296875,200.9499969482422
2026-03-31,253.33790588378906,368.67596435546875,60.18000030517578,208.27000427246094
2026-04-01,255.1746368408203,367.8791809082031,59.540000915527344,210.57000732421875
2026-04-02,255.464111328125,371.9526672363281,59.779998779296875,209.77000427246094
2026-04-06,258.39886474609375,371.375,60.68000030517578,212.7899932861328
2026-04-07,253.0484161376953,370.78741455078125,59.970001220703125,213.77000427246094
2026-04-08,258.4388122558594,372.81915283203125,62.83000183105469,221.25
2026-04-09,260.0259704589844,371.56427001953125,62.689998626708984,233.64999389648438
2026-04-10,260.0159912109375,369.3731384277344,62.20000076293945,238.3800048828125
2026-04-13,258.73828125,382.8186340332031,64.22000122070312,239.88999938964844
2026-04-14,258.3689270019531,391.5233459472656,66.1500015258789,249.02000427246094
2026-04-15,265.95538330078125,409.5602722167969,67.97000122070312,248.5
2026-04-16,262.9307861328125,418.56378173828125,68.66999816894531,249.6999969482422
2026-04-17,269.7486267089844,421.0835876464844,71.26000213623047,250.55999755859375
2026-04-20,272.5635681152344,416.38262939453125,73.88999938964844,248.27999877929688
2026-04-21,265.69586181640625,422.44805908203125,71.75,249.91000366210938
2026-04-22,272.68341064453125,431.1726989746094,72.5,255.36000061035156
2026-04-23,272.9429016113281,414.07196044921875,69.93000030517578,255.0800018310547
2026-04-24,270.5771179199219,422.90618896484375,71.62999725341797,263.989990234375
2026-04-27,267.1332702636719,423.1053771972656,71.27999877929688,261.1199951171875
2026-04-28,270.2277526855469,427.5174865722656,69.54000091552734,259.70001220703125
2026-04-29,269.688720703125,422.7467956542969,69.45999908447266,263.0400085449219
2026-04-30,270.86663818359375,406.1341552734375,70.51000213623047,265.05999755859375
2026-05-01,279.6409912109375,412.76727294921875,71.80999755859375,268.260009765625
2026-05-04,276.3368225097656,411.9505615234375,71.9000015258789,272.04998779296875
2026-05-05,283.67376708984375,409.7196350097656,71.25,273.54998779296875
2026-05-06,286.99786376953125,412.2891845703125,70.83000183105469,274.989990234375
2026-05-07,286.927978515625,419.07171630859375,70.13999938964844,271.1700134277344
2026-05-08,292.7974853515625,413.44451904296875,74.8499984741211,272.67999267578125
2026-05-11,292.42779541015625,410.99444580078125,73.16999816894531,268.989990234375
2026-05-12,294.54595947265625,406.1241760253906,72.12000274658203,265.82000732421875
2026-05-13,298.6124572753906,403.57452392578125,69.77999877929688,270.1300048828125
2026-05-14,297.9530334472656,407.7774963378906,71.52999877929688,267.2200012207031
2026-05-15,299.9713134765625,420.2170715332031,70.36000061035156,264.1400146484375
2026-05-18,297.5833435058594,421.83056640625,70.62999725341797,264.8599853515625
2026-05-19,298.7123718261719,415.7352600097656,69.16999816894531,259.3399963378906
2026-05-20,301.98956298828125,419.36053466796875,70.88999938964844,265.010009765625
2026-05-21,304.7271728515625,418.3025207519531,68.6500015258789,268.4599914550781
2026-05-22,308.55389404296875,417.7835388183594,68.08000183105469,266.32000732421875
2026-05-26,308.0643005371094,415.248291015625,69.16999816894531,265.2900085449219
2026-05-27,310.5821533203125,411.8946228027344,71.41999816894531,271.8500061035156
2026-05-28,312.24072265625,426.18768310546875,74.3499984741211,274.0
2026-05-29,311.7911071777344,449.3940124511719,75.72000122070312,270.6400146484375
2026-06-01,306.0460510253906,459.6546936035156,76.0999984741211,261.260009765625
2026-06-02,314.92840576171875,440.48077392578125,74.1500015258789,256.5199890136719
2026-06-03,309.9926452636719,426.53704833984375,69.80000305175781,250.02000427246094
2026-06-04,310.9618225097656,427.2456970214844,70.88999938964844,253.7899932861328
2026-06-05,307.0751647949219,415.8870849609375,68.1500015258789,246.02999877929688
2026-06-08,301.2801818847656,410.9663391113281,69.91999816894531,245.22000122070312
2026-06-09,290.29962158203125,402.6520080566406,68.29000091552734,244.19000244140625
2026-06-10,291.3287353515625,396.61334228515625,66.62999725341797,238.0
2026-06-11,295.375244140625,389.6065673828125,69.08999633789062,241.50999450683594
2026-06-12,290.879150390625,390.00579833984375,69.5199966430664,238.5500030517578
2026-06-15,296.1645812988281,399.0088806152344,74.3499984741211,246.02000427246094
2026-06-16,298.9821472167969,393.0899963378906,74.68000030517578,246.0
2026-06-17,295.6949768066406,378.1980285644531,72.83999633789062,237.5
2026-06-18,297.7532043457031,378.6871032714844,74.77999877929688,244.38999938964844
2026-06-22,296.75408935546875,366.6497802734375,73.06999969482422,232.7899932861328
2026-06-23,294.04638671875,373.23736572265625,72.37000274658203,234.11000061035156
2026-06-24,292.8274230957031,364.7733154296875,75.68000030517578,234.27000427246094
2026-06-25,274.91290283203125,352.1670227050781,74.08000183105469,227.00999450683594
2026-06-26,283.53546142578125,372.2691955566406,77.81999969482422,232.69000244140625
2026-06-29,281.4972229003906,367.8774719238281,78.0199966430664,240.13999938964844
2026-06-30,289.11065673828125,372.319091796875,76.0,238.33999633789062
2026-07-01,294.1263427734375,383.5579528808594,77.12999725341797,241.6999969482422
2026-07-02,308.3640441894531,389.7562561035156,78.83000183105469,242.6699981689453
2026-07-06,312.3905944824219,386.0133056640625,78.91999816894531,244.16000366210938
2026-07-07,310.3923034667969,388.109375,77.55999755859375,245.97999572753906
2026-07-08,313.1199645996094,382.6197204589844,76.55000305175781,243.6199951171875
2026-07-09,315.947509765625,383.6377868652344,77.41999816894531,247.0399932861328
2026-07-10,315.0483093261719,384.37640380859375,77.30000305175781,245.33999633789062
2026-07-13,317.03656005859375,390.2553405761719,78.72000122070312,247.30999755859375
2026-07-14,314.58868408203125,384.20672607421875,79.98999786376953,247.49000549316406
2026-07-15,327.2178039550781,394.8866271972656,81.80999755859375,254.9600067138672
2026-07-16,332.97283935546875,400.3463439941406,81.5199966430664,249.88999938964844
2026-07-17,333.452392578125,393.08001708984375,79.94000244140625,247.22999572753906
2026-07-20,326.3085632324219,401.53411865234375,79.29000091552734,249.99000549316406
2026-07-21,327.45758056640625,397.00262451171875,80.37999725341797,247.5500030517578
2026-07-22,325.60919189453125,389.6065673828125,77.45999908447266,244.85000610351562
2026-07-23,321.3828430175781,380.8630065917969,76.48999786376953,233.66000366210938
2026-07-24,332.7330322265625,380.9828186035156,77.1500015258789,232.11000061035156
2026-07-27,336.61968994140625,388.368896484375,81.23999786376953,231.38999938964844
2026-07-28,339.78692626953125,392.61090087890625,83.0999984741211,230.86000061035156
2026-07-29,337.8985900878906,389.8061828613281,82.18000030517578,226.64999389648438
2026-07-30,333.1426696777344,450.2524108886719,82.58999633789062,235.5
2026-07-31,308.6438293457031,463.8468017578125,81.23999786376953,271.5799865722656
2026-08-03,303.1585693359375,486.73370361328125,82.08999633789062,284.0199890136719
2026-08-04,309.1134033203125,491.884033203125,84.63999938964844,277.4200134277344
2026-08-05,310.7320251464844,486.5440673828125,84.19999694824219,272.6499938964844
2026-08-06,312.14080810546875,498.9207458496094,79.0199966430664,272.260009765625
2026-08-07,313.05999755859375,499.0505065917969,79.0,274.4800109863281
2026-08-10,308.260009765625,505.109130859375,78.9800033569336,278.0899963378906
2026-08-11,304.9100036621094,502.86334228515625,79.06999969482422,272.2699890136719
2026-08-12,302.25,491.5047302246094,78.27999877929688,267.2799987792969
2026-08-13,305.260009765625,495.9463806152344,83.08999633789062,265.1300048828125
2026-08-14,305.92999267578125,494.4691467285156,82.87999725341797,262.6499938964844
2026-08-17,305.5899963378906,479.44744873046875,80.19999694824219,261.30999755859375
2026-08-18,310.0299987792969,480.72503662109375,79.43000030517578,259.45001220703125
2026-08-19,316.8299865722656,483.3999938964844,80.93000030517578,265.8399963378906
2026-08-20,311.29998779296875,481.1499938964844,80.08000183105469,260.1099853515625
2026-08-21,309.3500061035156,483.239990234375,82.16000366210938,258.6300048828125
2026-08-24,310.3399963378906,487.30999755859375,81.37999725341797,262.07000732421875
2026-08-25,309.8999938964844,491.7099914550781,82.72000122070312,261.05999755859375
2026-08-26,313.45001220703125,496.3699951171875,83.0999984741211,260.2799987792969
2026-08-27,314.5799865722656,505.05999755859375,84.8499984741211,256.260009765625
2026-08-28,319.70001220703125,513.530029296875,83.56999969482422,266.42999267578125
2026-08-31,316.8500061035156,507.2900085449219,82.0199966430664,259.7699890136719
2026-09-01,325.1300048828125,501.0199890136719,77.87999725341797,254.9199981689453
2026-09-02,324.9599914550781,496.82000732421875,82.45999908447266,254.97999572753906
2026-09-03,328.2099914550781,510.1199951171875,83.37000274658203,258.8999938964844
2026-09-04,319.9700012207031,499.70001220703125,82.76000213623047,258.510009765625
2026-09-08,316.2200012207031,493.95001220703125,80.0999984741211,256.9700012207031
2026-09-09,315.3399963378906,491.6499938964844,79.4000015258789,252.39999389648438
2026-09-10,326.57000732421875,492.44000244140625,79.06999969482422,251.88999938964844
2026-09-11,332.2699890136719,495.6300048828125,79.20999908447266,256.7799987792969
2026-09-14,333.0799865722656,505.4100036621094,79.48999786376953,253.5399932861328
2026-09-15,331.3399963378906,497.1199951171875,78.30999755859375,248.4199981689453
2026-09-16,332.4100036621094,490.29998779296875,76.62999725341797,245.9600067138672
2026-09-17,337.0,497.75,76.47000122070312,251.19000244140625
2026-09-18,336.1300048828125,493.7799987792969,76.27999877929688,253.7100067138672
